Album,Name,Artists,Remixers,Genre,Bpm,Key,Length,Catalog
Above & Beyond - Rocket Science,Rocket Science(Original Mix),Above&Beyond,,Trance,128,A min,6:32,ANJ509BD
Oliver Smith - Anjunabeats Worldwide 08 EP pt. 1,Atacama(Original Mix),OliverSmith,,Trance,128,B min,6:04,ANJ508BD
Oliver Smith - Anjunabeats Worldwide 08 EP pt. 1,Over You(Original Mix),OliverSmith,,Trance,128,F♯ min,6:40,ANJ508BD
Oliver Smith - Anjunabeats Worldwide 08 EP pt. 1,Foundation(Original Mix),OliverSmith,,Trance,126,A min,4:41,ANJ508BD
"Gabriel & Dresden, Jan Burton, Sub Teal - The Only Road Remix EP pt. I",Jupiter(Genix Remix),Gabriel&Dresden,Genix,Trance,127,G♯ min,6:21,ANJ507BD
"Gabriel & Dresden, Jan Burton, Sub Teal - The Only Road Remix EP pt. I",Waiting For Winter feat. Jan Burton(No Mana Remix),"Gabriel&Dresden,JanBurton",NoMana,ProgressiveHouse,128,A min,5:48,ANJ507BD
"Gabriel & Dresden, Jan Burton, Sub Teal - The Only Road Remix EP pt. I",You feat. Jan Burton(Isaiah Martin & Ido Remix),"Gabriel&Dresden,JanBurton","Ido,IsaiahMartin",ProgressiveHouse,124,D maj,6:11,ANJ507BD
"Gabriel & Dresden, Jan Burton, Sub Teal - The Only Road Remix EP pt. I",I'm Not Like Everybody Else feat. Sub Teal(Farius Remix),"Gabriel&Dresden,SubTeal",Farius,Trance,128,E min,6:32,ANJ507BD
Jason Ross - Many Days,Many Days(Original Mix),JasonRoss,,Trance,128,D♯ maj,5:16,ANJ510BD
"Andrew Bayer, Alison May, Ane Brun - In My Last Life",Tidal Wave feat. Alison May(Original Mix),"AndrewBayer,AlisonMay",,Electronica/Downtempo,75,A♯ maj,8:17,ANJCD064
"Andrew Bayer, Alison May, Ane Brun - In My Last Life",Love You More feat. Ane Brun(Original Mix),"AneBrun,AndrewBayer",,Electronica/Downtempo,90,F maj,5:58,ANJCD064
"Andrew Bayer, Alison May, Ane Brun - In My Last Life",Open End Resource feat. Alison May(Original Mix),"AndrewBayer,AlisonMay",,Electronica/Downtempo,125,D maj,5:53,ANJCD064
"Andrew Bayer, Alison May, Ane Brun - In My Last Life",Hold On To You feat. Ane Brun(Original Mix),"AneBrun,AndrewBayer",,Electronica/Downtempo,128,C♯ maj,5:18,ANJCD064
"Andrew Bayer, Alison May, Ane Brun - In My Last Life",In My Last Life feat. Alison May(Original Mix),"AndrewBayer,AlisonMay",,Electronica/Downtempo,128,D maj,6:45,ANJCD064
"Andrew Bayer, Alison May, Ane Brun - In My Last Life",Immortal Lover feat. Alison May(Original Mix),"AndrewBayer,AlisonMay",,Electronica/Downtempo,128,A♯ min,6:00,ANJCD064
"Andrew Bayer, Alison May, Ane Brun - In My Last Life",Your Eyes feat. Ane Brun(Original Mix),"AneBrun,AndrewBayer",,Electronica/Downtempo,135,A♯ maj,6:36,ANJCD064
"Andrew Bayer, Alison May, Ane Brun - In My Last Life",End Of All Things feat. Alison May(Original Mix),"AndrewBayer,AlisonMay",,Electronica/Downtempo,125,C♯ maj,9:46,ANJCD064
"Andrew Bayer, Alison May, Ane Brun - In My Last Life",Tidal Wave feat. Alison May(Edit),"AndrewBayer,AlisonMay",,Electronica/Downtempo,75,A♯ maj,4:06,ANJCD064
"Andrew Bayer, Alison May, Ane Brun - In My Last Life",Love You More feat. Ane Brun(Edit),"AneBrun,AndrewBayer",,Electronica/Downtempo,90,F maj,4:07,ANJCD064
"Andrew Bayer, Alison May, Ane Brun - In My Last Life",Open End Resource feat. Alison May(Edit),"AndrewBayer,AlisonMay",,Electronica/Downtempo,125,D maj,4:08,ANJCD064
"Andrew Bayer, Alison May, Ane Brun - In My Last Life",Hold On To You feat. Ane Brun(Edit),"AneBrun,AndrewBayer",,Electronica/Downtempo,128,C♯ maj,4:34,ANJCD064
"Andrew Bayer, Alison May, Ane Brun - In My Last Life",In My Last Life feat. Alison May(Edit),"AndrewBayer,AlisonMay",,Electronica/Downtempo,128,D maj,4:24,ANJCD064
"Andrew Bayer, Alison May, Ane Brun - In My Last Life",Immortal Lover feat. Alison May(Edit),"AndrewBayer,AlisonMay",,Electronica/Downtempo,128,A♯ min,4:28,ANJCD064
"Andrew Bayer, Alison May, Ane Brun - In My Last Life",Your Eyes feat. Ane Brun(Edit),"AneBrun,AndrewBayer",,Electronica/Downtempo,135,A♯ maj,4:01,ANJCD064
"Andrew Bayer, Alison May, Ane Brun - In My Last Life",End Of All Things feat. Alison May(Edit),"AndrewBayer,AlisonMay",,Electronica/Downtempo,125,C♯ maj,5:07,ANJCD064
"Dezza, Rolo Green - Sunburn",Sunburn(Original Mix),"Dezza,RoloGreen",,Progressive,126,B min,6:41,ANJ502BD
"Andrew Bayer, Alison May - End Of All Things",End Of All Things feat. Alison May(Edit),"AndrewBayer,AlisonMay",,Dance,125,C♯ maj,5:07,ANJ506D
"Andrew Bayer, Alison May - End Of All Things",End Of All Things feat. Alison May(Original Mix),"AndrewBayer,AlisonMay",,Dance,125,C♯ maj,10:01,ANJ506D
Genix - Mr. H2O / I Don't Wanna,Mr. H2O(Original Mix),Genix,,Trance,128,C min,5:46,ANJ505BD
Genix - Mr. H2O / I Don't Wanna,I Don't Wanna(Original Mix),Genix,,Trance,128,F maj,5:57,ANJ505BD
